اسم المنتج,السعر,السعر قبل الخصم,نسبة الخصم,رابط المنتج,صورة المنتج
كادي ون مرايا واقفة طويلة مع حامل وعجلات قابلة للتعديل ابيض 153x40سم,93.0,279.0,66.66666666666666,https://www.noon.com/saudi-ar/full-length-glass-standing-mirror-with-adjustable-stand-and-wheels-white-153x40cm/N48522212A/p/?o=f04b5e4b9c57558b,https://f.nooncdn.com/p/pnsku/N48522212A/45/_/1703089515/d177c635-0b49-4bf0-82f7-ee460f4df5ee.jpg?width=240
ال دبليو كرسي مكتب شبكي قابل للتعديل بأرجل معدنية أسود 25x55x50 CMسم,114.0,340.0,66.47058823529412,https://www.noon.com/saudi-ar/mesh-adjustable-office-chair-with-metal-leg-black-25x55x50-cmcm/N28922262A/p/?o=b25d5c9ae8696afe,https://f.nooncdn.com/p/v1565697827/N28922262A_1.jpg?width=240
باور منظم ملاءات Jitnetiy ومنظم ملاءات السرير القابل للطي (مقاس كوين أو كينج)، صناديق تخزين من القماش لملاءات السرير وأغطية اللحاف وأغطية الوسائد، صناديق تخزين (عبوة من قطعتين باللون الأسود),35.0,88.0,60.22727272727273,https://www.noon.com/saudi-ar/jitnetiy-sheet-organizers-and-storage-foldable-bed-sheet-set-organizer-queen-or-king-size-fabric-storage-bins-for-bed-sheets-duvet-covers-and-pillowcases-storage-boxes-black-2-pack/Z7D42B4F1B1EF9BA9F790Z/p/?o=z7d42b4f1b1ef9ba9f790z-1,https://f.nooncdn.com/p/pzsku/Z7D42B4F1B1EF9BA9F790Z/45/_/1740572623/bcf25823-009c-45e1-8e54-7fc889ae418c.jpg?width=240
باور منظم مكتب باللون الذهبي الوردي، منظمات مكتب وإكسسوارات مكتب مع درج + فرز ملفات عمودي، لوازم مكتبية للنساء، منظم ملفات مكتبي للتخزين للمكتب والمدرسة والمنزل,39.0,79.0,50.63291139240506,https://www.noon.com/saudi-ar/rose-gold-desk-organizer-desk-organizers-and-office-desk-accessories-with-drawer-vertical-file-sorters-office-supplies-for-women-desk-file-organizer-storage-for-office-school-home/ZC2992AE5E696FF5E09EAZ/p/?o=zc2992ae5e696ff5e09eaz-1,https://f.nooncdn.com/p/pzsku/ZC2992AE5E696FF5E09EAZ/45/_/1740581119/040de52d-b35c-4fbd-b99f-9faa7ade182a.jpg?width=240
براتيك حامل تلفزيون استوديو الحامل الفني مع قاعدة حامل ثلاثي القوائم من خشب الجوز باللون الأسود أسود,327.0,659.0,50.3793626707132,https://www.noon.com/saudi-ar/artistic-easel-studio-tv-stand-with-walnut-tripod-base-black/N24234112A/p/?o=c60422c3bfa0f9ef,https://f.nooncdn.com/p/v1663322627/N24234112A_1.jpg?width=240
باور مصباح طاولة لغرفة النوم، مصابيح بجانب السرير مع منفذ شحن USB C، مصابيح طاولة بجانب السرير مع غطاء زجاجي لغرفة المعيشة، مصابيح مكتبية للقراءة في المكتب,55.0,110.0,50.0,https://www.noon.com/saudi-ar/table-lamp-for-bedroom-bedside-lamps-with-usb-c-charging-port-nightstand-lamps-with-glass-shade-for-living-room-desk-lamps-for-office-reading/Z9B514DB2C732D9AF51CDZ/p/?o=z9b514db2c732d9af51cdz-1,https://f.nooncdn.com/p/pzsku/Z9B514DB2C732D9AF51CDZ/45/_/1740563060/f993fe33-d533-474b-bf8b-d19f788d733b.jpg?width=240
ماركة غير محددة حامل شامل لجهاز أبل آي باد وتاب أسود/فضي,13.0,25.0,48.0,https://www.noon.com/saudi-ar/universal-apple-ipad-and-tab-stand-black-silver/N42590476A/p/?o=d0a281a8223a814c,https://f.nooncdn.com/p/v1606735736/N42590476A_1.jpg?width=240
باور قفازات ملاكمة احترافية سميكة بأصابع كاملة للأطفال والكبار باللون الأسود,42.0,80.0,47.5,https://www.noon.com/saudi-ar/professional-thickened-full-finger-boxing-gloves-for-children-adults-black/Z85A5A34BE540540B6B16Z/p/?o=z85a5a34be540540b6b16z-1,https://f.nooncdn.com/p/pzsku/Z85A5A34BE540540B6B16Z/45/_/1740570218/db700f11-debe-4bbc-8058-1635a0f000e5.jpg?width=240
باور مجموعة قطار الأبجدية الخشبية المكونة من 27 قطعة، تتضمن 1 سيارة محرك حرف للأطفال الصغار الأولاد والبنات، متوافقة مع مسارات مجموعة القطارات من العلامات التجارية الكبرى (قطار الأبجدية),25.0,45.0,44.44444444444444,https://www.noon.com/saudi-ar/27-pcs-wooden-alphabet-train-toy-wooden-magnetic-alphabet-abc-train-set-includes-1-engine-letter-cars-for-toddlers-boys-and-girls-compatible-with-major-brands-train-set-tracks-alphabet-train/Z732A1D326380FA0F0477Z/p/?o=z732a1d326380fa0f0477z-1,https://f.nooncdn.com/p/pzsku/Z732A1D326380FA0F0477Z/45/_/1740568524/fca02549-19ba-4488-b75b-11eab607d263.jpg?width=240
باور مجموعة أدوات مطبخ سيليكون مكونة من 12 قطعة، مجموعة أدوات مطبخ غير لاصقة مع 10 خطافات (أسود),50.0,88.0,43.18181818181818,https://www.noon.com/saudi-ar/12-pcs-silicone-kitchen-cooking-utensils-set-non-stick-cookware-kitchen-tools-set-with-10-hooks-black/ZB957F210142FE0127770Z/p/?o=zb957f210142fe0127770z-1,https://f.nooncdn.com/p/pzsku/ZB957F210142FE0127770Z/45/_/1740565365/7043e2e1-96ce-4266-a697-917fb2b969d5.jpg?width=240
فيتنس ورلد ترامبولين داخلي عالي التحمل بطول 6 أقدام مع شبكة أمان 183X183X200 سم 183X183X200سم,385.0,664.0,42.01807228915663,https://www.noon.com/saudi-ar/6-feet-heavy-duty-indoor-trampoline-with-safety-net-183x183x200cm/N16660083A/p/?o=b45f46cb51108a6e,https://f.nooncdn.com/p/v1659692039/N16660083A_1.jpg?width=240
باور زجاجة موزع زيت المطبخ الزجاجية - موزعات زيت الزيتون والخل ET مع غطاء، حاوية زيت طهي متينة وأنيقة للاستخدام المنزلي,25.0,38.0,34.21052631578947,https://www.noon.com/saudi-ar/glass-kitchen-oil-dispenser-bottle-olive-oil-vinegar-dispenser-set-with-topper-durable-and-stylish-cooking-oil-container-for-home-use/Z1AD9A20104297B04CB5FZ/p/?o=z1ad9a20104297b04cb5fz-1,https://f.nooncdn.com/p/pzsku/Z1AD9A20104297B04CB5FZ/45/1742827976/9b428ee7-c3f3-421a-9459-0f7da5045767.jpg?width=240
ماركة غير محددة مقعد طاولة الطعام أسود 49x49x70سم,68.0,103.0,33.980582524271846,https://www.noon.com/saudi-ar/dining-chair-black-49x49x70cm/N48936135A/p/?o=ab50347ebca6115e,https://f.nooncdn.com/p/v1625749049/N48936135A_1.jpg?width=240
باور مظلة شمسية، مظلة شمسية مثلثة مقاومة للماء مع 3 خطافات و3 حبال، مظلة شمسية خارجية، مظلة خارجية للفناء والحديقة والفناء الخلفي والعشب (3*3*3م),35.0,50.0,30.0,https://www.noon.com/saudi-ar/sun-shade-sail-waterproof-triangle-shade-sail-with-3-snap-hooks-and-3-ropes-sun-shades-outdoor-outdoor-shade-canopy-for-patio-garden-backyard-lawn-3-3-3m/Z08AE852F05E1B13480ECZ/p/?o=z08ae852f05e1b13480ecz-1,https://f.nooncdn.com/p/pzsku/Z08AE852F05E1B13480ECZ/45/_/1740911376/37c64cfb-13d7-4e9b-8b61-185f0e176d0c.jpg?width=240
باور وسائد الحمل للنوم، وسادة تغذية الطفل أثناء النوم، دعم الظهر والساقين والبطن والوركين للنساء الحوامل، قابلة للفصل والتعديل مع غطاء الوسادة,35.0,49.0,28.57142857142857,https://www.noon.com/saudi-ar/pillows-for-sleeping-feeding-baby-side-sleeping-pillow-support-for-back-legs-belly-hips-of-pregnant-women-detachable-and-adjustable-with-pillow-cover/ZEA45210CF013504E0E6DZ/p/?o=zea45210cf013504e0e6dz-1,https://f.nooncdn.com/p/pzsku/ZEA45210CF013504E0E6DZ/45/_/1740649158/e05fd449-56ea-4602-bcb4-6cc2953776b6.jpg?width=240
باور رف دش قابل للتعديل بدون فتحات - منظم تخزين للحمام مع صينية دش وخطافات مناشف وحامل كرات استحمام، تصميم موفر للمساحة ومقاوم للماء للحمامات الحديثة,35.0,48.0,27.083333333333332,https://www.noon.com/saudi-ar/adjustable-no-hole-shower-shelf-bathroom-storage-organizer-with-shower-tray-towel-hooks-bath-ball-holder-space-saving-waterproof-design-for-modern-bathrooms/Z2D14D7722AE552FFD527Z/p/?o=z2d14d7722ae552ffd527z-1,https://f.nooncdn.com/p/pzsku/Z2D14D7722AE552FFD527Z/45/1742827336/f262b0b1-798c-4032-aab1-a5ee05f9390d.jpg?width=240
باور كرسي ألعاب كرسي مكتب مع مسند للقدمين كرسي سباق مريح كرسي ألعاب فيديو جلدي متكئ بمسند ذراع قابل للتعديل كرسي ألعاب عالي الظهر مع مسند رأس ودعم أسفل الظهر 62X50X120 سم,301.0,399.0,24.561403508771928,https://www.noon.com/saudi-ar/gaming-chair-office-chair-with-footrest-racing-ergonomic-chair-leather-reclining-video-game-chair-adjustable-armrest-high-back-gamer-chair-with-headrest-and-lumbar-support-62x50x120-cm/ZDFF23F73FC3FF349682AZ/p/?o=zdff23f73fc3ff349682az-1,https://f.nooncdn.com/p/pzsku/ZDFF23F73FC3FF349682AZ/45/_/1715099175/b01934bd-b606-419d-bc83-3f1243b9d297.jpg?width=240
باور سلة نزهة، سلة تسوق قابلة للطي، سلة نزهة قابلة للطي، سلة تخزين بلاستيكية قابلة للطي محمولة، سلة تسوق سوبر ماركت، مادة البولي بروبلين، أخضر، قطعة واحدة,30.0,39.0,23.076923076923077,https://www.noon.com/saudi-ar/picnic-basket-folding-picnic-shopping-bag-basket-hamper-collapsible-picnic-basket-portable-foldable-plastic-storage-basket-supermarket-shopping-basket-pp-material-green-1pcs/Z1A1F4A938D7C24686AA2Z/p/?o=z1a1f4a938d7c24686aa2z-1,https://f.nooncdn.com/p/pzsku/Z1A1F4A938D7C24686AA2Z/45/_/1740576544/2c532942-6237-49e5-ad64-096f8c4c346f.jpg?width=240
باور كرسي ألعاب كرسي مكتب مع مسند للقدمين كرسي سباق مريح كرسي ألعاب فيديو جلدي متكئ بمسند ذراع قابل للتعديل كرسي ألعاب عالي الظهر مع مسند رأس ودعم أسفل الظهر 62X50X120 سم,301.0,389.0,22.62210796915167,https://www.noon.com/saudi-ar/gaming-chair-office-chair-with-footrest-racing-ergonomic-chair-leather-reclining-video-game-chair-adjustable-armrest-high-back-gamer-chair-with-headrest-and-lumbar-support-62x50x120-cm/Z8EF965131763A243C772Z/p/?o=z8ef965131763a243c772z-1,https://f.nooncdn.com/p/pzsku/Z8EF965131763A243C772Z/45/_/1731870260/8be8c97a-b894-40ca-8c9c-b5796a2b19e9.jpg?width=240
باور مكتب دراسة مع حامل وطاولة كتابة وطاولة كمبيوتر مع رف كتب لمكاتب المنزل ومحطات العمل 80*50 سم,177.0,228.0,22.36842105263158,https://www.noon.com/saudi-ar/study-desk-with-stand-writing-desk-table-computer-table-with-bookshelf-for-home-office-desks-workstations-80-50-cm/Z1C8409FB54A086876E9DZ/p/?o=z1c8409fb54a086876e9dz-1,https://f.nooncdn.com/p/pzsku/Z1C8409FB54A086876E9DZ/45/_/1709022284/26e68b2e-caec-422a-a8e9-e75e675c5d21.jpg?width=240
"POWER Ergonomic Gaming Chair, Video Game Chair with Linkage Armrest, Footrest & Adjustable Seat Computer Chair with Leather, Head & Massager Lumbar Pillow Home & Office Chair with Recline RED",288.0,369.0,21.951219512195124,https://www.noon.com/saudi-ar/ergonomic-gaming-chair-video-game-chair-with-linkage-armrest-footrest-adjustable-seat-computer-chair-with-leather-head-massager-lumbar-pillow-home-office-chair-with-recline-red/Z087D2679461B84E194F0Z/p/?o=z087d2679461b84e194f0z-1,https://f.nooncdn.com/p/pzsku/Z087D2679461B84E194F0Z/45/_/1733162346/eadc0e75-ea63-42aa-a1df-ce1f64ab1b5f.jpg?width=240
باور كرسي ألعاب كرسي مكتب مع مسند للقدمين كرسي سباق مريح كرسي ألعاب فيديو جلدي متكئ بمسند ذراع قابل للتعديل كرسي ألعاب عالي الظهر مع مسند رأس ودعم أسفل الظهر 62X50X120 سم,315.0,399.0,21.052631578947366,https://www.noon.com/saudi-ar/gaming-chair-office-chair-with-footrest-racing-ergonomic-chair-leather-reclining-video-game-chair-adjustable-armrest-high-back-gamer-chair-with-headrest-and-lumbar-support-62x50x120-cm/Z40F8D7EB7ECD6777FD06Z/p/?o=z40f8d7eb7ecd6777fd06z-1,https://f.nooncdn.com/p/pzsku/Z40F8D7EB7ECD6777FD06Z/45/_/1731868860/5f6bb226-2981-4a46-87a2-956b364651ab.jpg?width=240
باور أغطية أثاث الفناء الخارجي، مجموعة أغطية أثاث الفناء الكبيرة جدًا من قماش أكسفورد 420D مقاومة للماء والأشعة فوق البنفسجية والغبار تناسب 12-14 مقعدًا (315*160*74 سم),79.0,99.0,20.2020202020202,https://www.noon.com/saudi-ar/outdoor-patio-furniture-covers-420d-oxford-fabric-extra-large-patio-furniture-set-covers-waterproof-anti-uv-dust-proof-patio-furniture-covers-fits-12-14seat-315-160-74cm/ZD9F19B7EF529B641F444Z/p/?o=zd9f19b7ef529b641f444z-1,https://f.nooncdn.com/p/pzsku/ZD9F19B7EF529B641F444Z/45/_/1740579845/7a960c5c-319f-4b1b-873c-6c0d0a366284.jpg?width=240
باور 3 قطع 6/6/6 شبكات منظم خزانة الملابس، منظمات الأدراج الكبيرة للملابس، نظام منظم خزانة الملابس المحمول,55.0,66.0,16.666666666666664,https://www.noon.com/saudi-ar/3pcs-6-6-6-grids-wardrobe-clothes-organizer-large-drawer-organizers-for-clothing-portable-wardrobe-closet-organizer-system/Z2CF8FF6E20B3AA623A77Z/p/?o=z2cf8ff6e20b3aa623a77z-1,https://f.nooncdn.com/p/pzsku/Z2CF8FF6E20B3AA623A77Z/45/_/1740562673/2f07d5a2-ad78-4f0c-a5b2-02c12e0d01ea.jpg?width=240
باور لافتة ترحيب مع إكليل من الزهور لتزيين الباب الأمامي الريفي، معلقة خشبية، مصنوعة من شجر الكينا الاصطناعي، لتزيين شرفة المنزل والزفاف كهدية,38.0,45.0,15.555555555555555,https://www.noon.com/saudi-ar/welcome-sign-with-wreath-rustic-front-door-decorations-wooden-hanging-artificial-eucalyptus-farmhouse-porch-decorations-for-home-wedding-gifts/Z0ACB910FF2C15DC5F53CZ/p/?o=z0acb910ff2c15dc5f53cz-1,https://f.nooncdn.com/p/pzsku/Z0ACB910FF2C15DC5F53CZ/45/_/1740575542/2820ce81-70ce-4d18-826e-382c4778e5e4.jpg?width=240
باور مرطب هواء معطر بالزيوت العطرية مع إضاءة LED بـ 7 ألوان وجهاز تحكم عن بعد، 500 مل، أبيض,22.0,26.0,15.384615384615385,https://www.noon.com/saudi-ar/aroma-diffuser-essential-oil-air-humidifier-with-7-colour-led-light-and-remote-control-500ml-white/Z85A282B98D7DCE63C2E6Z/p/?o=z85a282b98d7dce63c2e6z-1,https://f.nooncdn.com/p/pzsku/Z85A282B98D7DCE63C2E6Z/45/1744274786/1b153fe7-8404-4ed6-9e76-af1f51ad156e.jpg?width=240
باور منظم أدراج أدوات المائدة، صينية أدوات مائدة قابلة للتمدد للمطبخ، حامل أدوات مائدة قابل للتعديل، تخزين بلاستيكي مضغوط للملاعق والشوك والسكاكين، كبير الحجم، درجة أمان,55.0,65.0,15.384615384615385,https://www.noon.com/saudi-ar/silverware-drawer-organizer-expandable-utensil-tray-for-kitchen-adjustable-flatware-and-cutlery-holder-compact-plastic-storage-for-spoons-forks-knives-large-safe-grade-finis/ZE6808A2A3B3D86D8BD68Z/p/?o=ze6808a2a3b3d86d8bd68z-1,https://f.nooncdn.com/p/pzsku/ZE6808A2A3B3D86D8BD68Z/45/1742824843/dd720ffd-14d1-465f-8075-5ee8f08888fb.jpg?width=240
باور كرسي ألعاب فيديو عالي الظهر مريح للسباقات مع دعم للرقبة والقطنية وكرسي مكتب دوار للتدليك ومسند قدم قابل للسحب للاعبين,219.0,255.0,14.117647058823529,https://www.noon.com/saudi-ar/video-gaming-chair-high-back-racing-ergonomic-computer-with-neck-and-lumbar-support-massage-swivel-desk-office-chair-retractable-footrest-for-gamers/ZCB06809982AC345DE8E8Z/p/?o=zcb06809982ac345de8e8z-1,https://f.nooncdn.com/p/pzsku/ZCB06809982AC345DE8E8Z/45/_/1730540843/485a954b-fd71-40ed-98b9-d059fa6f2a47.jpg?width=240
باور سرير قطط للقطط الداخلية، بيت قطط كبير قابل للطي مع حصيرة، إطار تسلق قطط متعدد الوظائف مع لوح خدش للقطط وكرة تعليق، سهل التجميع، كهف سرير للحيوانات الأليفة,52.0,60.0,13.333333333333334,https://www.noon.com/saudi-ar/cat-bed-for-indoor-cats-foldable-large-cat-house-with-mat-multifunctional-cat-climbing-frame-with-cat-scratch-board-and-hanging-ball-easy-to-assemble-pet-bed-cave/Z2BFE45B26A6E93D74544Z/p/?o=z2bfe45b26a6e93d74544z-1,https://f.nooncdn.com/p/pzsku/Z2BFE45B26A6E93D74544Z/45/_/1740914645/a2effadb-3cc8-4f1b-ad2d-63c419d07ee8.jpg?width=240
باور كرسي ألعاب كرسي مكتب مع مسند للقدمين كرسي سباق مريح كرسي ألعاب فيديو جلدي متكئ بمسند ذراع قابل للتعديل كرسي ألعاب عالي الظهر مع مسند رأس ودعم قطني 62X50X120 سم,309.0,348.0,11.206896551724139,https://www.noon.com/saudi-ar/gaming-chair-office-chair-with-footrest-racing-ergonomic-chair-leather-reclining-video-game-chair-adjustable-armrest-high-back-gamer-chair-with-headrest-and-lumbar-support-62x50x120-cm/Z9FBC9E8F6DD98D917816Z/p/?o=z9fbc9e8f6dd98d917816z-1,https://f.nooncdn.com/p/pzsku/Z9FBC9E8F6DD98D917816Z/45/_/1731867132/e1cb58be-1cff-4847-8e3b-66920097aa73.jpg?width=240
باور منظم تخزين كبسولات مثبت على الحائط - منظم خزانة ملابس بلاستيكي شفاف للملابس الداخلية والجوارب والمناشف الحريرية والربطات والمناديل ومناشف الوجه، بتصميم صف واحد موفر للمساحة,40.0,45.0,11.11111111111111,https://www.noon.com/saudi-ar/wall-mounted-capsule-storage-organizer-clear-plastic-wardrobe-organizer-for-underwear-socks-silk-towels-ties-handkerchiefs-face-towels-space-saving-single-row-design/Z6A72732AC5A382BE8A72Z/p/?o=z6a72732ac5a382be8a72z-1,https://f.nooncdn.com/p/pzsku/Z6A72732AC5A382BE8A72Z/45/1742825218/5becdf40-6c91-4047-9aa3-6e54fa730f67.jpg?width=240
POWER Smart Watch 300mAh 1.53'' Smart Watches for Men Smartwatches Bluetooth Make/Answer Calls Fitness Modes and Sleep Modes Multi-app Message Reminder Monitor Multi Language,95.0,105.0,9.523809523809524,https://www.noon.com/saudi-ar/smart-watch-300mah-1-53-smart-watches-for-men-smartwatches-bluetooth-make-answer-calls-fitness-modes-and-sleep-modes-multi-app-message-reminder-monitor-multi-language/ZE61317B07A351420BAD8Z/p/?o=ze61317b07a351420bad8z-1,https://f.nooncdn.com/p/pzsku/ZE61317B07A351420BAD8Z/45/1742897003/03fcc15d-e32e-49a8-8975-04212c2625aa.jpg?width=240
باور (أبيض) شماعة ملابس، شماعة ملابس مستقلة بقاعدة رخامية، شماعة ملابس معدنية، شماعة ملابس موفرة للمساحة لتخزين الملابس وحقائب اليد والمظلات,79.0,85.0,7.0588235294117645,https://www.noon.com/saudi-ar/white-coat-rack-marble-base-freestanding-clothes-rack-metal-coat-rack-space-saving-hanger-storage-rack-for-hanging-clothes-handbags-umbrellas/ZAD09497BB2BD6FCE6374Z/p/?o=zad09497bb2bd6fce6374z-1,https://f.nooncdn.com/p/pzsku/ZAD09497BB2BD6FCE6374Z/45/1742822145/e1a405cc-c4aa-41d7-ae50-cf89a3987242.jpg?width=240
باور كرسي ألعاب فيديو عالي الظهر مريح للسباقات مع دعم للرقبة والقطنية وكرسي مكتب دوار للتدليك ومسند قدم قابل للسحب للاعبين,268.0,288.0,6.944444444444445,https://www.noon.com/saudi-ar/video-gaming-chair-high-back-racing-ergonomic-computer-with-neck-and-lumbar-support-massage-swivel-desk-office-chair-retractable-footrest-for-gamers/Z6ABF577B67BE781318A7Z/p/?o=z6abf577b67be781318a7z-1,https://f.nooncdn.com/p/pzsku/Z6ABF577B67BE781318A7Z/45/_/1733062360/bc3e5bcc-d67c-4dff-96c3-9fe5f74230a1.jpg?width=240
باور كرسي مكتب شبكي قابل لتعديل الارتفاع مع مسند للذراع وعجلات دوارة، أسود,149.0,159.0,6.289308176100629,https://www.noon.com/saudi-ar/meshed-height-adjustable-office-chair-with-armrest-and-swivel-wheels-black/Z190EC105FBFED9B370ECZ/p/?o=z190ec105fbfed9b370ecz-1,https://f.nooncdn.com/p/pzsku/Z190EC105FBFED9B370ECZ/45/_/1733064180/e909077b-252c-4e7c-bbf6-3514701ef3de.jpg?width=240
باور كرسي مكتب شبكي قابل للتعديل مع ساق معدنية,102.0,103.0,0.9708737864077669,https://www.noon.com/saudi-ar/mesh-adjustable-office-chair-with-metal-leg/ZFCFA28C96E08035F6C4AZ/p/?o=zfcfa28c96e08035f6c4az-1,https://f.nooncdn.com/p/pzsku/ZFCFA28C96E08035F6C4AZ/45/_/1734209255/8de3c0bb-f2ec-455a-b301-6146e7eff126.jpg?width=240
باور مرآة دائرية، إطار معدني أسود، مرآة دائرية مثبتة على الحائط، مرآة حائط للمدخل، الحمام، طاولة الزينة، غرفة المعيشة، مرآة دائرية سوداء (أسود),149.0,,,https://www.noon.com/saudi-ar/round-mirror-black-metal-frame-wall-mounted-round-mirror-wall-mirror-for-entryway-bathroom-dressing-table-living-room-black-round-mirror-black/ZE47721B9EC7D60BA23E9Z/p/?o=ze47721b9ec7d60ba23e9z-1,https://f.nooncdn.com/p/pzsku/ZE47721B9EC7D60BA23E9Z/45/1742405041/c5f1a936-08d5-42d8-a4cc-cbf7ade7d48e.jpg?width=240
باور مرآة دائرية، إطار معدني فضي، مرآة دائرية مثبتة على الحائط، مرآة حائط للمدخل، الحمام، طاولة الزينة، غرفة المعيشة، مرآة دائرية فضية (فضية),149.0,,,https://www.noon.com/saudi-ar/round-mirror-silver-metal-frame-wall-mounted-round-mirror-wall-mirror-for-entryway-bathroom-dressing-table-living-room-silver-round-mirror-silver/Z1D0611DFF8746B3DCA6CZ/p/?o=z1d0611dff8746b3dca6cz-1,https://f.nooncdn.com/p/pzsku/Z1D0611DFF8746B3DCA6CZ/45/1743009578/52608362-3ace-44c0-a3aa-fa1fbf1e2afa.jpg?width=240
باور مصباح قاتل البعوض الجديد لعام ، مبيد الحشرات الكهربائي مع ضوء الأشعة فوق البنفسجية الفيزيائي 18 وات، جهد عالي قوي، مصائد ذباب إلكترونية غير سامة مصنوعة يدويًا، أفضل قاتل للبعوض والحشرات الطائرة,88.0,,,https://www.noon.com/saudi-ar/2025-new-style-mosquito-killer-lamp-bug-zapper-electric-fly-insect-killer-with-18w-physical-uv-light-powerful-high-voltage-non-toxic-electronic-pest-control-fly-traps-handmade-the-best-killer-of-mosquitoes-and-flying-insects/Z39D704D3019F18900E54Z/p/?o=z39d704d3019f18900e54z-1,https://f.nooncdn.com/p/pzsku/Z39D704D3019F18900E54Z/45/_/1740562049/d5963c62-168a-4ce0-a7de-66667ba0c34a.jpg?width=240
باور مرآة دائرية، إطار معدني ذهبي، مرآة دائرية مثبتة على الحائط، مرآة حائط للمدخل، الحمام، طاولة الزينة، غرفة المعيشة، مرآة دائرية ذهبية (ذهبية),149.0,,,https://www.noon.com/saudi-ar/round-mirror-gold-metal-frame-wall-mounted-round-mirror-wall-mirror-for-entryway-bathroom-dressing-table-living-room-gold-round-mirror-gold/ZC30CDF228525D16A3B1DZ/p/?o=zc30cdf228525d16a3b1dz-1,https://f.nooncdn.com/p/pzsku/ZC30CDF228525D16A3B1DZ/45/1742408076/50c24546-5d90-42f4-997f-5f210b6ec4a5.jpg?width=240
باور طقم طاولة قهوة دائرية من قطعتين، طقم طاولة شاي من قطعتين، طقم طاولة شاي جانبية إبداعية، طاولة قهوة جانبية قابلة للتكديس لغرفة المعيشة أو المكتب أو غرفة الطعام أو الشرفة، إطار معدني (80*50 سم + 60*40 سم),169.0,,,https://www.noon.com/saudi-ar/round-coffee-table-set-of-2-tea-table-set-of-2-side-table-creative-tea-table-set-stacking-side-coffee-table-for-living-room-office-dining-room-balcony-metal-frame-80-50cm-60-40cm/ZF0D61D3E92598FE616DEZ/p/?o=zf0d61d3e92598fe616dez-1,https://f.nooncdn.com/p/pzsku/ZF0D61D3E92598FE616DEZ/45/1744305202/4014e7ae-05b8-43a5-98e1-dabbb7597402.jpg?width=240
باور مجموعة طاولات قهوة دائرية متداخلة حديثة مكونة من قطعتين لغرفة المعيشة والشرفة والحديقة وما إلى ذلك، طاولات قهوة دائرية بإطار معدني قوي (80*50 سم + 60*40 سم),169.0,,,https://www.noon.com/saudi-ar/modern-nesting-round-coffee-tables-set-of-2-for-living-room-balcony-garden-etc-round-coffee-tables-with-sturdy-metal-frame-80-50cm-60-40cm/ZAF07D21BF98DE5F277E5Z/p/?o=zaf07d21bf98de5f277e5z-1,https://f.nooncdn.com/p/pzsku/ZAF07D21BF98DE5F277E5Z/45/1744265593/9bfedcb3-ebd9-4c2b-9afa-33b756718e02.jpg?width=240
باور مرآة زجاجية كاملة الطول مع حامل قابل للتعديل وعجلات بيضاء 153 × 40 سم,89.0,,,https://www.noon.com/saudi-ar/full-length-glass-standing-mirror-with-adjustable-stand-and-wheels-white-153x40cm/Z983596CDB9FA2EF03B23Z/p/?o=z983596cdb9fa2ef03b23z-1,https://f.nooncdn.com/p/pzsku/Z983596CDB9FA2EF03B23Z/45/1741542433/0a314374-1aeb-499d-bb69-2d4169315d2a.jpg?width=240
POWER Men's Smart Watch Smart Watch Bluetooth Make/Receive Calls Fitness Mode and Sleep Mode Multi-Apps Message Reminder Monitoring Multi-Language,299.0,,,https://www.noon.com/saudi-ar/men-s-smart-watch-smart-watch-bluetooth-make-receive-calls-fitness-mode-and-sleep-mode-multi-apps-message-reminder-monitoring-multi-language/Z9919EA0C7EA9371493D3Z/p/?o=z9919ea0c7ea9371493d3z-1,https://f.nooncdn.com/p/pzsku/Z9919EA0C7EA9371493D3Z/45/1743269554/d391eb12-be4d-4b74-8c36-160711059ec2.jpg?width=240
POWER Smart Watch 300mAh 1.53'' Smart Watches for Men Smartwatches Bluetooth Make/Answer Calls Fitness Modes and Sleep Modes Multi-app Message Reminder Monitor Multi Language,105.0,,,https://www.noon.com/saudi-ar/smart-watch-300mah-1-53-smart-watches-for-men-smartwatches-bluetooth-make-answer-calls-fitness-modes-and-sleep-modes-multi-app-message-reminder-monitor-multi-language/ZDF362FF1698DE567B514Z/p/?o=zdf362ff1698de567b514z-1,https://f.nooncdn.com/p/pzsku/ZDF362FF1698DE567B514Z/45/1742895487/a90468de-5127-49ee-b4e2-14538ba55f76.jpg?width=240
POWER Smart Watch 300mAh 1.53'' Smart Watches for Men Smartwatches Bluetooth Make/Answer Calls Fitness Modes and Sleep Modes Multi-app Message Reminder Monitor Multi Language,299.0,,,https://www.noon.com/saudi-ar/smart-watch-300mah-1-53-smart-watches-for-men-smartwatches-bluetooth-make-answer-calls-fitness-modes-and-sleep-modes-multi-app-message-reminder-monitor-multi-language/Z19101438C95E197F0208Z/p/?o=z19101438c95e197f0208z-1,https://f.nooncdn.com/p/pzsku/Z19101438C95E197F0208Z/45/1743034001/628d4181-1e78-4e82-ac6a-1ec04aab7ca3.jpg?width=240
باور (ذهبي) شماعة معاطف، شماعة مستقلة بقاعدة رخامية، شماعة معاطف معدنية، شماعة تخزين موفرة للمساحة لتعليق الملابس وحقائب اليد والمظلات,85.0,,,https://www.noon.com/saudi-ar/gold-coat-rack-marble-base-freestanding-hanger-metal-coat-rack-space-saving-hanger-storage-rack-for-hanging-clothes-handbags-umbrellas/Z72354D0F06F18D9920D1Z/p/?o=z72354d0f06f18d9920d1z-1,https://f.nooncdn.com/p/pzsku/Z72354D0F06F18D9920D1Z/45/1742820258/5daaa432-09f9-40ce-a97b-3584b90d2397.jpg?width=240
باور مجموعة موزع صابون اليدين والأطباق، موزع صابون الأطباق للمطبخ مع صينية خيزران سميكة، مجموعة مطبخ زجاجية مع مضخة، مناسبة لديكور المزرعة الحديث (أبيض + أسود),88.0,,,https://www.noon.com/saudi-ar/hand-and-dish-soap-dispenser-set-dish-soap-dispenser-for-kitchen-with-thickened-bamboo-tray-glass-kitchen-set-with-pump-suitable-for-modern-farmhouse-decor-white-black/Z72807BC78CEBCE8E7363Z/p/?o=z72807bc78cebce8e7363z-1,https://f.nooncdn.com/p/pzsku/Z72807BC78CEBCE8E7363Z/45/1743073548/e9d67050-6a8d-490b-8679-52cfe448645e.jpg?width=240
باور صناديق تخزين بلاستيكية بأغطية، حاويات تخزين قابلة للتكديس بعجلات، صناديق تخزين قابلة للطي، حاويات تخزين قابلة للطي متعددة الأغراض للمنزل والمكتب,88.0,,,https://www.noon.com/saudi-ar/plastic-storage-bins-with-lids-stackable-storage-containers-with-wheels-folding-storage-boxes-collapsible-storage-bins-multi-purpose-folding-storage-containers-for-home-and-office/ZC4050A5F9B73A031BFD7Z/p/?o=zc4050a5f9b73a031bfd7z-1,https://f.nooncdn.com/p/pzsku/ZC4050A5F9B73A031BFD7Z/45/_/1740573046/8a6fafa2-fc8f-4f5f-86ac-b4f102c309fa.jpg?width=240
باور منظم عربة معدني متعدد الأغراض بثلاث طبقات، باللون الأخضر,30.0,,,https://www.noon.com/saudi-ar/3-tier-multipurpose-rolling-shelves-metal-cart-organizer-green/Z8DF061D94B50C8CF8F59Z/p/?o=z8df061d94b50c8cf8f59z-1,https://f.nooncdn.com/p/pzsku/Z8DF061D94B50C8CF8F59Z/45/1743590182/faa9eeb7-9597-4a7a-af30-19667515efcb.jpg?width=240
